,id,created_at,text
0,607950578782760960,2015-06-08 16:41:27,а этот счастливый человек держит в руках что-то похожее на диплом #vstu https://instagram.com/p/3rNx4MzX4Y/ 
1,610372083130990592,2015-06-15 09:03:39,I'll be at #Unite Europe in Amsterdam next week with @sailro. Ping if you want to discuss your programming experience with #Unity3D! #vstu
2,618532227681525760,2015-07-07 21:29:09,#vstu @ ВолгГТУ https://instagram.com/p/42ZwYDzX0L/ 
3,618532898698829825,2015-07-07 21:31:49,моя блондинистая половинка  #vstu @ ВолгГТУ https://instagram.com/p/42aD6kTX0y/ 
4,618696149290102784,2015-07-08 08:20:31,This week we're lucky to have Unity's @lucasmeijer visiting us for a joint hacking session. #Unity3D #VSTU pic.twitter.com/NUAI1Xnycy
5,618699902202286080,2015-07-08 08:35:26,RT : This week we're lucky to have Unity's lucasmeijer visiting us for a joint hacking session. #Unity3D #VSTU pic.twitter.com/4CktCw7xxb
6,623150393841831940,2015-07-20 15:20:06,Visual Studio Tools for Unity 2.0 is available today: https://visualstudiogallery.msdn.microsoft.com/8d26236e-4a64-4d64-8486-7df95156aba9 … #Unity3D #VSTU
7,623153330911617024,2015-07-20 15:31:46,RT : Visual Studio Tools for Unity 2.0 is available today: http://ift.tt/1pRI8rx  #Unity3D #VSTU
8,623397165319225344,2015-07-21 07:40:41,RT : Visual Studio Tools for Unity 2.0 is available today: http://ift.tt/1pRI8rx  #Unity3D #VSTU
9,623532909266358272,2015-07-21 16:40:04,RT : Visual Studio Tools for Unity 2.0 is available today: http://ift.tt/1pRI8rx  #Unity3D #VSTU
10,623838032433647617,2015-07-22 12:52:31,Unity 5.2 beta: Out of the box support for Visual Studio Tools for Unity #vstu @unityvs pic.twitter.com/fpHTsin11X
11,624907564887724033,2015-07-25 11:42:28,RT : Visual Studio Tools for Unity 2.0 is available today: http://ift.tt/1pRI8rx  #Unity3D #VSTU
12,625745902288924672,2015-07-27 19:13:43,About Visual Studio Tools for Unity 2.0: http://blogs.msdn.com/b/visualstudio/archive/2015/07/27/visual-studio-tools-for-unity-2-0.aspx … #Unity3D #VisualStudio #vstu
13,625746896594857984,2015-07-27 19:17:40,RT : About Visual Studio Tools for Unity 2.0: http://ift.tt/1h0nrGh  #Unity3D #VisualStudio #vstu
14,625776202435801088,2015-07-27 21:14:07,About Visual Studio Tools for Unity 2.0: http://blogs.msdn.com/b/visualstudio/archive/2015/07/27/visual-studio-tools-for-unity-2-0.aspx … #Unity3D #VisualStudio #vstu via @UnityVS
15,625777181420089344,2015-07-27 21:18:01,RT : About Visual Studio Tools for Unity 2.0: http://ift.tt/1h0nrGh  #Unity3D #VisualStudio #vstu via UnityVS
16,625917254811680768,2015-07-28 06:34:37,RT : About Visual Studio Tools for Unity 2.0: http://ift.tt/1h0nrGh  #Unity3D #VisualStudio #vstu
17,627124307035049984,2015-07-31 14:31:00,"#VSTU, Better debugging. Support 4 breaking on exceptions? Cool. #VisualStudio Tools for Unity http://spr.ly/6011BEtLB pic.twitter.com/PT71dfFAyG"
18,627125426033426432,2015-07-31 14:35:27,"VisualStudio: #VSTU, Better debugging. Support 4 breaking on exceptions? Cool. #VisualStudio Tools for Unity …pic.twitter.com/oLmampW8SN"
19,627125833409368065,2015-07-31 14:37:04,"""#VSTU, Better debugging. Support 4 breaking on exceptions? Cool. #VisualStudio Tools for Unity … pic.twitter.com/TLA11oDnaN"""
20,627128734752067584,2015-07-31 14:48:36,"mySolutionsCL: VisualStudio: #VSTU, Better debugging. Support 4 breaking on exceptions? Cool. #VisualStudio Tools …pic.twitter.com/XdQBKCZVi3"
21,627405963889278977,2015-08-01 09:10:13,"#VSTU, Better debugging. Support 4 breaking on exceptions? Cool. #VisualStudio Tools for Unity http://spr.ly/6011BEtLB "
22,628762350217244672,2015-08-05 03:00:00,Building Unity games has never been easier! Meet Visual Studio Tools for @unity3D:  http://spr.ly/6012B1z22  #VSTU
23,629153679015313408,2015-08-06 04:55:00,Building Unity games has never been easier! Meet Visual Studio Tools for @unity3D: http://msft.it/6010B1uMG  #VSTU pic.twitter.com/2hakvRrgli
24,629185481243136000,2015-08-06 07:01:23,Building Unity games has never been easier! Meet Visual Studio Tools for @unity3D: http://msft.it/6010B1uMG  #VSTU pic.twitter.com/PG9WqedOzg
25,629402079149162496,2015-08-06 21:22:04,New #Unity Solar System Bttn Pack http://ow.ly/QALZK  #unity3d #gamedev #indiedev #assetstore #unity5 #madewithunity #indiegamedev #vstu
26,629402079367311362,2015-08-06 21:22:04,New #Unity Solar System Bttn Pack http://ow.ly/QALZY  #unity3d #gamedev #indiedev #assetstore #unity5 #madewithunity #indiegamedev #vstu
27,629402079438594049,2015-08-06 21:22:04,New #Unity Solar System Bttn Pack http://ow.ly/QALZU  #unity3d #gamedev #indiedev #assetstore #unity5 #madewithunity #indiegamedev #vstu
28,629402079694487555,2015-08-06 21:22:04,New #Unity Solar System Bttn Pack http://ow.ly/QALZQ  #unity3d #gamedev #indiedev #assetstore #unity5 #madewithunity #indiegamedev #vstu
29,629414338076483584,2015-08-06 22:10:46,New #Unity Tech Orb Button Pack http://ow.ly/QAMBY  #unity3d #gamedev #indiedev #assetstore #unity5 #madewithunity #indiegamedev #vstu
30,629414339443826688,2015-08-06 22:10:47,New #Unity Tech Orb Button Pack http://ow.ly/QAMBZ  #unity3d #gamedev #indiedev #assetstore #unity5 #madewithunity #indiegamedev #vstu
31,629414339682902016,2015-08-06 22:10:47,New #Unity Tech Orb Button Pack http://ow.ly/QAM98  #unity3d #gamedev #indiedev #assetstore #unity5 #madewithunity #indiegamedev #vstu
32,629414340307865600,2015-08-06 22:10:47,New #Unity Tech Orb Button Pack http://ow.ly/QAMBX  #unity3d #gamedev #indiedev #assetstore #unity5 #madewithunity #indiegamedev #vstu
33,629428008332435456,2015-08-06 23:05:06,New #Unity I Love You Orb Bttn Pk http://ow.ly/QAN64  #unity3d #gamedev #indiedev #assetstore #unity5 #madewithunity #indiegamedev #vstu
34,629428015173386240,2015-08-06 23:05:07,New #Unity I Love You Orb Bttn Pk http://ow.ly/QAMJA  #unity3d #gamedev #indiedev #assetstore #unity5 #madewithunity #indiegamedev #vstu
35,629428022890876928,2015-08-06 23:05:09,New #Unity I Love You Orb Bttn Pk http://ow.ly/QAN66  #unity3d #gamedev #indiedev #assetstore #unity5 #madewithunity #indiegamedev #vstu
36,629428023742304260,2015-08-06 23:05:09,New #Unity I Love You Orb Bttn Pk http://ow.ly/QAN68  #unity3d #gamedev #indiedev #assetstore #unity5 #madewithunity #indiegamedev #vstu
37,629442029756485633,2015-08-07 00:00:49,New #Unity Xmas Orb Button Pack http://ow.ly/QANmY  #unity3d #gamedev #indiedev #assetstore #unity5 #madewithunity #indiegamedev #vstu
38,629442037939617792,2015-08-07 00:00:50,New #Unity Xmas Orb Button Pack http://ow.ly/QANn2  #unity3d #gamedev #indiedev #assetstore #unity5 #madewithunity #indiegamedev #vstu
39,629442048941289472,2015-08-07 00:00:53,New #Unity Xmas Orb Button Pack http://ow.ly/QANao  #unity3d #gamedev #indiedev #assetstore #unity5 #madewithunity #indiegamedev #vstu
40,629442051470454784,2015-08-07 00:00:54,New #Unity Xmas Orb Button Pack http://ow.ly/QANn1  #unity3d #gamedev #indiedev #assetstore #unity5 #madewithunity #indiegamedev #vstu
41,629457301053788161,2015-08-07 01:01:29,New #Unity Tracaz Button Pack http://ow.ly/QANHn  #unity3d #gamedev #indiedev #assetstore #unity5 #madewithunity #indiegamedev #vstu #PC
42,629457302358261760,2015-08-07 01:01:30,New #Unity Tracaz Button Pack http://ow.ly/QANHh  #unity3d #gamedev #indiedev #assetstore #unity5 #madewithunity #indiegamedev #vstu #PC
43,629457302618292224,2015-08-07 01:01:30,New #Unity Tracaz Button Pack http://ow.ly/QANpf  #unity3d #gamedev #indiedev #assetstore #unity5 #madewithunity #indiegamedev #vstu #PC
44,629457306489630721,2015-08-07 01:01:31,New #Unity Tracaz Button Pack http://ow.ly/QANHj  #unity3d #gamedev #indiedev #assetstore #unity5 #madewithunity #indiegamedev #vstu #PC
45,629458355073982464,2015-08-07 01:05:41,NEW #unity HexxaTech Button Pack http://ow.ly/QB7dj  #unity3d #gamedev #indiedev #assetstore #unity5 #madewithunity #indiegamedev #vstu
46,629458355095007232,2015-08-07 01:05:41,NEW #unity HexxaTech Button Pack http://ow.ly/QB7di  #unity3d #gamedev #indiedev #assetstore #unity5 #madewithunity #indiegamedev #vstu
47,629458355392790528,2015-08-07 01:05:41,NEW #unity HexxaTech Button Pack http://ow.ly/QB7df  #unity3d #gamedev #indiedev #assetstore #unity5 #madewithunity #indiegamedev #vstu
48,629458355464065025,2015-08-07 01:05:41,NEW #unity HexxaTech Button Pack http://ow.ly/QB7dh  #unity3d #gamedev #indiedev #assetstore #unity5 #madewithunity #indiegamedev #vstu
49,629473317196558336,2015-08-07 02:05:08,New #Unity Xavier Button Pack http://ow.ly/QB7gY  #unity3d #gamedev #indiedev #assetstore #unity5 #madewithunity #indiegamedev #vstu
50,629473330949660672,2015-08-07 02:05:11,New #Unity Xavier Button Pack http://ow.ly/QB7gW  #unity3d #gamedev #indiedev #assetstore #unity5 #madewithunity #indiegamedev #vstu
51,629473333399166977,2015-08-07 02:05:12,New #Unity Xavier Button Pack http://ow.ly/QB7eu  #unity3d #gamedev #indiedev #assetstore #unity5 #madewithunity #indiegamedev #vstu
52,629473335395647488,2015-08-07 02:05:12,New #Unity Xavier Button Pack http://ow.ly/QB7gZ  #unity3d #gamedev #indiedev #assetstore #unity5 #madewithunity #indiegamedev #vstu
53,629488442800480256,2015-08-07 03:05:14,New #Unity Metalisani Button Pack http://ow.ly/QB7os  #unity3d #gamedev #indiedev #assetstore #unity5 #madewithunity #indiegamedev #vstu
54,629488444423696384,2015-08-07 03:05:15,New #Unity Metalisani Button Pack http://ow.ly/QB7iA  #unity3d #gamedev #indiedev #assetstore #unity5 #madewithunity #indiegamedev #vstu
55,629488444658569216,2015-08-07 03:05:15,New #Unity Metalisani Button Pack http://ow.ly/QB7on  #unity3d #gamedev #indiedev #assetstore #unity5 #madewithunity #indiegamedev #vstu
56,629488445203828736,2015-08-07 03:05:15,New #Unity Metalisani Button Pack http://ow.ly/QB7oq  #unity3d #gamedev #indiedev #assetstore #unity5 #madewithunity #indiegamedev #vstu
57,629503532354400256,2015-08-07 04:05:12,New #unity Darso Button Pack http://ow.ly/QB7u8  #unity3d #gamedev #indiedev #assetstore #unity5 #madewithunity #indiegamedev #vstu #game
58,629503532794814464,2015-08-07 04:05:12,New #unity Darso Button Pack http://ow.ly/QB7u7  #unity3d #gamedev #indiedev #assetstore #unity5 #madewithunity #indiegamedev #vstu #game
59,629503532807417861,2015-08-07 04:05:12,New #unity Darso Button Pack http://ow.ly/QB7u6  #unity3d #gamedev #indiedev #assetstore #unity5 #madewithunity #indiegamedev #vstu #game
60,629503533633638400,2015-08-07 04:05:12,New #unity Darso Button Pack http://ow.ly/QB7qo  #unity3d #gamedev #indiedev #assetstore #unity5 #madewithunity #indiegamedev #vstu #game
61,629517583616765953,2015-08-07 05:01:02,#Unity Patterned Orb Button Pack http://ow.ly/QB7xU  #unity3d #gamedev #indiedev #assetstore #unity5 #madewithunity #indiegamedev #vstu
62,629517610867163136,2015-08-07 05:01:08,#Unity Patterned Orb Button Pack http://ow.ly/QB7xW  #unity3d #gamedev #indiedev #assetstore #unity5 #madewithunity #indiegamedev #vstu
63,629517611060080640,2015-08-07 05:01:09,#Unity Patterned Orb Button Pack http://ow.ly/QB7vs  #unity3d #gamedev #indiedev #assetstore #unity5 #madewithunity #indiegamedev #vstu
64,629517611911483392,2015-08-07 05:01:09,#Unity Patterned Orb Button Pack http://ow.ly/QB7xZ  #unity3d #gamedev #indiedev #assetstore #unity5 #madewithunity #indiegamedev #vstu
65,629686454596141056,2015-08-07 16:12:04,Building Unity games has never been easier! Meet Visual Studio Tools for @unity3D:  https://channel9.msdn.com/events/Visual-Studio/Visual-Studio-2015-Final-Release-Event/Building-Unity-games-in-Visual-Studio … #VSTU pic.twitter.com/62onLZNivm
66,630257203304374272,2015-08-09 06:00:01,"Wait, #VisualStudio2015 Tools for #Unity? Alright gamers, let's dev this: http://msft.it/6011B1reS  #VSTU pic.twitter.com/L8N5uKOYOo"
67,630258134209196032,2015-08-09 06:03:43,"Wait, #VisualStudio2015 Tools for #Unity? Alright gamers, let's dev this: http://msft.it/6011B1reS  #VSTU pic.twitter.com/WoIZeE0muL"
68,630259213042847745,2015-08-09 06:08:00,"msdev: Wait, #VisualStudio2015 Tools for #Unity? Alright gamers, let's dev this: http://msft.it/6011B1reS  #VSTU pic.twitter.com/z8MRtCTG0T"
69,630491017150599168,2015-08-09 21:29:07,"“@msdev: Wait, #VisualStudio2015 Tools for #Unity? Alright gamers, let's dev this: http://msft.it/6011B1reS  #VSTU pic.twitter.com/nMo7cerJOf”"
70,631097490893348865,2015-08-11 13:39:01,Unity project showing the use of an external C# project with Visual Studio Tools for Unity https://github.com/sailro/UnityExternal … #vstu @unityvs #unity3d
71,631107554379173888,2015-08-11 14:19:01,RT : Unity project showing the use of an external C# project with Visual Studio Tools for Unity http://ift.tt/1N0OQVQ  #vstu unityvs #uni…
72,631404210324697089,2015-08-12 09:57:49,Teaser of work in progress for @UnityVS & @VisualStudio 2015: IntelliSense for MonoBehaviour messages #vstu #unity3d pic.twitter.com/WfV5zba4mx
73,631405162381320192,2015-08-12 10:01:36,RT : Teaser of work in progress for UnityVS & VisualStudio 2015: IntelliSense for MonoBehaviour messages #vstu #un… pic.twitter.com/irugv51Ptr
74,631408980238184448,2015-08-12 10:16:46,RT : Unity project showing the use of an external C# project with Visual Studio Tools for Unity http://ift.tt/1N0OQVQ  #vstu unityvs #uni…
75,632253120538669056,2015-08-14 18:11:05,RT : Teaser of work in progress for UnityVS & VisualStudio 2015: IntelliSense for MonoBehaviour messages #vstu #un… pic.twitter.com/irugv51Ptr
76,633309461256474624,2015-08-17 16:08:36,RT : Teaser of work in progress for UnityVS & VisualStudio 2015: IntelliSense for MonoBehaviour messages #vstu #un… pic.twitter.com/irugv51Ptr
77,633527881008828416,2015-08-18 06:36:31,RT : Teaser of work in progress for UnityVS & VisualStudio 2015: IntelliSense for MonoBehaviour messages #vstu #un…pic.twitter.com/irugv51Ptr
78,636454391206297600,2015-08-26 08:25:26,"► SOUTĚŽ o vstupenky na Den s Rychtářem
http://bit.ly/1hdX0g2 
► Více soutěží na http://bit.ly/17QmnJM 
#vstu… http://bit.ly/1hdX0g2 "
79,638669830686699520,2015-09-01 11:08:48,"01.09.15 #photo #friends #vstu #нефтегаз #ardor @ ВГТУ, 2 Корпус https://instagram.com/p/7FfRy4BZC1/ "
80,638672254017081344,2015-09-01 11:18:25,"3 курс
Го, я создал #photo #vstu #нефтегаз #ardor https://instagram.com/p/7FgYTshZE4/ "
81,641312299630886912,2015-09-08 18:09:01,Sweet news from @unity3d. Now w/ tight #VisualStudio integration for a huge improvement in coding & debugging. http://spr.ly/6013ByNP9  #VSTU
82,641630644540448768,2015-09-09 15:14:01,#VisualStudio is the new default #Unity scripting editor... WhaWHAT?!? http://spr.ly/6019Byh05  - Unity 5.2 & #VSTU 2.1 pic.twitter.com/KNKMwp9Xn2
83,644104494247231488,2015-09-16 11:04:12,Дежурный #vstu#кто125#делатьнечего https://instagram.com/p/7sGrUBtt6SndNenD-EPEpi0yINXOI4LPCytrg0/ …
84,644174785858150401,2015-09-16 15:43:31,"Звёздный буфет #политех'а 
#волггту #vstu pic.twitter.com/6JoMgERrLl"
85,644478621344788484,2015-09-17 11:50:51,Получил степуху #vstu#кто125 https://instagram.com/p/7uwzycNt-3Lwbznz3gbDxgXrjp7j1kh_s0C1Q0/ …
86,644490511701667840,2015-09-17 12:38:06,"#Unity3D 5.2 and #VisualStudio Tools for Unity 2.1
http://blogs.msdn.com/b/visualstudio/archive/2015/09/08/unity-5-2-and-visual-studio-tools-for-unity-2-1.aspx …
http://blogs.unity3d.com/2015/09/08/unity-5-2-easy-access-to-unity-services/ …
https://www.visualstudio.com/features/unitytools-vs … ( #CSharp #VSTU )"
87,645027272077012993,2015-09-19 00:11:00,#честноефото #minmalism #mobilephotography #monochrome #truephotography #tru #snapseed #street #vstu… https://instagram.com/p/7yqTmcsPN9/ 
88,645973719886745601,2015-09-21 14:51:51,#volgograd #minmalism #mobilephotography #minimal #monochrome #snapseed #vscovolgograd #vstu #tru https://instagram.com/p/75Ys8JMPG1/ 
89,647040959683936256,2015-09-24 13:32:40,Активное обсуждение #дзк12 #vstu #design https://instagram.com/p/8A-BqJjUaq/ 
90,647881718049939456,2015-09-26 21:13:33,#minmalism #min #mobilephotography #vscovolgograd #snapseed #street #tru #truephotography #vstu… https://instagram.com/p/8G8W7vsPNn/ 
91,648220514276757504,2015-09-27 19:39:48,#minmalism #min #mobilephotography #monochrome #vstu #vscovolgograd #snapseed #street… https://instagram.com/p/8JWbMaMPMt/ 
92,648227152123547648,2015-09-27 20:06:11,#mobilephotography #minimal #truephotography #vstu #vscovolgograd #snapseed #minimalism #tru #volgograd https://instagram.com/p/8JZcbPMPEi/ 
93,648228121586614272,2015-09-27 20:10:02,#minmalism #volgograd #mobilephotography #minimalism #minimal #monochrome #vstu #street #snapseed… https://instagram.com/p/8JZ4pWMPFv/ 
94,648469430012219392,2015-09-28 12:08:54,"My love vstudents politex_tv profkom_vstu 
#vstu @ Volgograd State Technical University - ВолгГТУ https://instagram.com/p/8LHnYHvZf0/ "
95,654816519147274240,2015-10-16 00:29:58,#волгоград #VSTU by fomkinasw #volgogradpic.twitter.com/FuHMBsNueh
96,659477240695099393,2015-10-28 21:10:01,"Hey game devs! ...found this one on @MSDN Magazine, http://spr.ly/6015BO4Db  - Write games for UWP with #Unity #VSTU pic.twitter.com/tUH9xFaYi0"
97,659640108895834112,2015-10-29 07:57:12,"Удивительнее всего в Волгограде: #Ленин; #Волга и #волонтеры #ВолгГТУ #VSTU!  Очень милые, улыбчивые… https://instagram.com/p/9afdJ4M2ZQ/ "
98,660005831497244672,2015-10-30 08:10:27, #vstu #волггту @ Volgograd State Technical University https://instagram.com/p/9dDBFew5iW/ 
99,662167840351346688,2015-11-05 07:21:30,"Back in hell
#photographica #VSTU #Vitebsk #nikon_coolpix_L840 https://instagram.com/p/9sc7nJD4pM/ "
100,662191972321353728,2015-11-05 08:57:23,#photographica #VSTU #Vitebsk #nikon_coolpix_L840 https://instagram.com/p/9sn58yD4kf/ 
101,663372909335957504,2015-11-08 15:10:01,"Начало положено 
#диплом #vstu #политехpic.twitter.com/Sj4QraAkN3"
102,672044471882657792,2015-12-02 13:27:42,"Уже не так стыдно
#art #draw #picture #VSTU #Vitebsk @ Vitebsk State Technological University https://www.instagram.com/p/-yoTbgD4ri/ "
103,674198783853355008,2015-12-08 12:08:10,"Подготовка к выставке идет полным ходом
#tapestry #VSTU #Vitebsk #designer 
P.S. я играю в прятки… https://www.instagram.com/p/_B7-JJD4se/ "
104,675473532885823488,2015-12-12 00:33:34,#minmalism #vscovolgograd #snapseed #street #vstu #mobilephotography #truephotography https://www.instagram.com/p/_K_qb9MPIo/ 
105,675474428331978752,2015-12-12 00:37:08,#minmalism #mobilephotography #monochrome #truephotography #vstu #vscovolgograd #snapseed #street… https://www.instagram.com/p/_LAEhHsPJk/ 
106,678730509174861824,2015-12-21 00:15:38,#minmalism #vscovolgograd #snapseed #street #vstu #mobilephotography #minimal #truephotography… https://www.instagram.com/p/_iIw7isPE0/ 
107,678730650615193600,2015-12-21 00:16:11,#minmalism #vscovolgograd #snapseed #street #vstu #mobilephotography #minimal #truephotography… https://www.instagram.com/p/_iI1DAMPE8/ 
108,678784190847037440,2015-12-21 03:48:56,"А почему бы перед зачетом не запостить фотку с группой 
#ВолгГТУ #ХТ_141 #VSTU #student https://www.instagram.com/p/_ihLTGQckK/ "
109,684904075750543360,2016-01-07 01:07:11,"In a future #VisualStudio Tools for #Unity3d, custom syntax highlighting of Unity Messages. Yay? #vstu pic.twitter.com/qXJdB9soB4"
110,684906650960961536,2016-01-07 01:17:25,"In a future #VisualStudio Tools for #Unity3d, custom syntax highlighting of Unity Messages. Yay? #vstu pic.twitter.com/unQxtjhu60 via:@@jbevain"
111,686361327242211328,2016-01-11 01:37:47,#minmalism #mobilephotography #truphotography #vstu #vscocam #vscovolgograd #minimal #volgograd… https://www.instagram.com/p/BAYW29bMPJl/ 
112,686361611372748802,2016-01-11 01:38:54,#minmalism #mobilephotography #truphotography #vstu #vscocam #vscovolgograd #minimal #volgograd… https://www.instagram.com/p/BAYW_MbMPJ0/ 
113,695311002133344256,2016-02-04 18:20:35,Visual Studio Tools for Unity 2.2: https://blogs.msdn.microsoft.com/visualstudio/2016/02/04/visual-studio-tools-for-unity-2-2/ … with an even better integration with Unity! #unity3d #vstu #VisualStudio
114,695615402093641728,2016-02-05 14:30:10,#Microsoft announced the #VisualStudio Tools for #Unity 2.2 release: http://bit.ly/1nLvh9X  #VSTU via @jbevain
115,696698859897143296,2016-02-08 14:15:26,Visual Studio Tools para #Unity 2.2: novedades desde el blog de Microsoft:  http://ow.ly/Y41Rk  #VSTU
116,699894047566077952,2016-02-17 09:51:58,#ВолгГТУ #ПрикладнаяМеханика #VSTU #vstudents  https://www.instagram.com/p/BB4g0_Owcs7/ 
117,700273945363247105,2016-02-18 11:01:33,"#ХТ_141 #химичим 
#ВолгГТУ #VSTU #vstudents https://www.instagram.com/p/BB7NlYVQcgq/ "
118,702134610533097473,2016-02-23 14:15:10,The @VisualStudio team announced the Visual Studio Tools for #Unity 2.2 release: http://bit.ly/1nLvh9X  #VSTU plus http://bit.ly/1T3rSko 
119,705384222933000192,2016-03-03 13:27:58,"Возле любимого #политех'а 
#ВолгГТУ #ХТФ #VSTU #vstudents https://www.instagram.com/p/BCfheGKQcrM/ "
120,707877839849267200,2016-03-10 10:36:43,"With my dear 
#friendship #university #vstu
С любимой блондинкой  мечты 
#любимка… https://www.instagram.com/p/BCxPb5NIERe/ "
121,709439810969018368,2016-03-14 18:03:26,Make sure to stop by our booth at #GDC16 for great conversation and stickers! (DoT not included.) #dotnet #vstu pic.twitter.com/I2B37ud1uH
122,710395552538693632,2016-03-17 09:21:12,#InstaTags4Likes #print #designer #university #VSTU #Vitebsk #study #f4f #followme #l4l #artist… https://www.instagram.com/p/BDDIW9ABUwR/ 
123,716282870533259265,2016-04-02 15:15:18,"Had a blast talking with folks about #dotnet, #gamedev and #vstu at #build2016! See you guys next year!"
124,716964960501383169,2016-04-04 12:25:41,Tried #VSTU #Build2016 great experience!pic.twitter.com/eZWRgJFNb1
125,717440689710051331,2016-04-05 19:56:04,Use conditional breakpoints in #VisualStudio to debug your #unity3d games. #vstu #unitytips #gamedev #indiedevpic.twitter.com/gZBKenk6YO
126,720727905467310081,2016-04-14 21:38:17,#InstaTags4Likes #print #designer #university #VSTU #Vitebsk #study #f4f #followme #l4l #artist… https://www.instagram.com/p/BEMi-CChU1e/ 
127,722140970926661632,2016-04-18 19:13:18,#InstaTags4Likes #print #designer #university #VSTU #Vitebsk #study #f4f #followme #l4l #artist… https://www.instagram.com/p/BEWljpCBU_Z/ 
128,723212382663659522,2016-04-21 18:10:43,My first foray as a big shot ad producer: https://www.youtube.com/watch?v=wX859ua_JSs … #unity3d #VisualStudio #vstu
129,729636729725059072,2016-05-09 11:38:47,#волгоград #Волгоград #ВолгГТУ #VSTU #СтудСоветФТПП #СтуденческийСоветФТПП #ВДвиженииФТПП #СтудСоветВолгГТУ #Студен…pic.twitter.com/70Gg5K7nG7
130,729787369776369665,2016-05-09 21:37:22,#волгоград #Волгоград #ВолгГТУ #VSTU #ФТПП #СтуденческийСоветФТПП #СтудСоветФТПП #ВДвиженииФТПП #VSTUdents #Студенч…pic.twitter.com/ewdk8aRnqp
131,729787384615817217,2016-05-09 21:37:25,#волгоград #Волгоград #ВолгГТУ #VSTU #ФТПП #СтуденческийСоветФТПП #СтудСоветФТПП #ВДвиженииФТПП #VSTUdents #Студенч…pic.twitter.com/8HrRBzUrp5
132,729953292499980288,2016-05-10 08:36:41,#волгоград #Волгоград #ВолгГТУ #VSTU #ФТПП #СтуденческийСоветФТПП #СтудСоветФТПП #ВДвиженииФТПП #VSTUdents #Студенч…pic.twitter.com/F6TwUBTY0E
133,729968227028221952,2016-05-10 09:36:02,#волгоград #Волгоград #ВолгГТУ #VSTU #ФТПП #СтудСоветФТПП #СтуденческийСоветФТПП #ВДвиженииФТПП #СтудСоветВолгГТУ #…pic.twitter.com/7bn7YvfPoO
134,731431903958577152,2016-05-14 10:32:09,А нам и тут не плохо платят. http://vstu.ru/news/2016/05/13/volggtu-sredi-luchshikh.html … #vstu #ВолгГТУ
135,732505345512198144,2016-05-17 09:37:38,"ВолгГТУ
#hamafamily #Volgograd #vstu #ВолгГТУ #Волгоград #студент http://hamafamily.com/ru/%d0%b2%d0%be%d0%bb%d0%b3%d0%be%d0%b3%d1%80%d0%b0%d0%b4/%d0%b2%d0%be%d0%bb%d0%b3%d0%b3%d1%82%d1%83/ …pic.twitter.com/LA2UEQOSE7"
136,738358578973528064,2016-06-02 13:16:17,"Подготовка к экзаменам идет самым ходом 
#Vitebsk #VSTU #summer @ Vitebsk State Technological… https://www.instagram.com/p/BGJ0d-wD4ga/ "
137,738688696170348545,2016-06-03 11:08:03,RT @MelloMelonJuice: Arrival of Summer we're giving away a fridge full- F+RT TO #WIN http://buff.ly/20TmS1D  pic.twitter.com/wGGTdrZ8so #vstu
138,749376801743335424,2016-07-02 22:58:46,"Bài hát về VSTU (песня про ВолгГТУ)
#vstu #song #politex #volgograd http://hamafamily.com/thsvol/bai-hat-ve-vstu-pesnya-pro-vstu/ …pic.twitter.com/7PUAt1IVNo"
139,750996851625648132,2016-07-07 10:16:16,"Bài hát về VSTU (песня про ВолгГТУ)
#vstu #ВолгГТУ http://svoler.com/hoat-dong/bai-hat-ve-vstu-%d0%bf%d0%b5%d1%81%d0%bd%d1%8f-%d0%bf%d1%80%d0%be-%d0%b2%d0%be%d0%bb%d0%b3%d0%b3%d1%82%d1%83/ …"
140,750996998044651520,2016-07-07 10:16:51,"Bài hát về VSTU (песня про ВолгГТУ)
#vstu #ВолгГТУ... http://fb.me/2TWFT4O9N "
141,753684255004356609,2016-07-14 20:15:03,#InstaTags4Likes #print #designer #university #VSTU #Vitebsk #study #f4f #followme #l4l #artist… https://www.instagram.com/p/BH2tyCnDqk1/ 
142,756107978848075776,2016-07-21 12:46:04,Visual Studio Tools for Unity 2.3 #vstu http://hut41.com/visual-studio-tools-unity-2-3/ …
143,773813145332842504,2016-09-08 09:20:05,#vstu#волггту#кто#ппп @ Volgograd State Technical University https://www.instagram.com/p/BKFvV1LAwPntpEaVmMMlbdEEHBoQ3IjAQ2eYSY0/ …
144,791162681214509056,2016-10-26 06:20:56,SUPPORT OUR VOLLEYBALL GIRLS TOMORROW ITS SENIOR NIGHT TOO  #vsTU #630 #lastgameoftheseason #bethere
145,796467411839057920,2016-11-09 21:40:03,"working process))) yes, sometimes we work. 
#vstu #design #clothespic.twitter.com/ic8BEBcPLF"
146,797205246720299008,2016-11-11 22:31:56,"
#Vitebsk #VSTU #november @ Vitebsk State Technological University https://www.instagram.com/p/BMr81oxA3sF/ "
147,799001024564523009,2016-11-16 21:27:43,"Однако цикл ""Творчество в универе"" продолжается. #art #university #vstu #boring #nothing… https://www.instagram.com/p/BM4tdlzg2EZ/ "
148,801717133843406848,2016-11-24 09:20:34,"Цикл ""Творчество в универе"". Часть 3. #art #university #vstu #boring #nothing #coffee #hipster… https://www.instagram.com/p/BNMAmuRBLkL/ "
149,803176886398390272,2016-11-28 10:01:06,Visual Studio Tools for Unity 3 プレビューをリリース https://goo.gl/fb/23Kap1  #uncategorized #visualstudiotoolsforunity #vstu
150,805745773891690496,2016-12-05 12:08:57,_bitova_  Универчик  #VSTU @ВолгГТУ https://www.instagram.com/p/BNoonkmjDwk/ 
151,808983752114204672,2016-12-14 10:35:31,"fuckin update!! We lost time !! ""Project Generation:   Removed the CSharp suffix from the project names. https://docs.microsoft.com/en-us/visualstudio/cross-platform/change-log-visual-studio-tools-for-unity … #VSTU"
152,817732695421841409,2017-01-07 14:00:41,"-30°, а мы гуляем
#winter #Vitebsk #VSTU @ Vitebsk Devlet Teknoloji Üniversitesi https://www.instagram.com/p/BO9zo_bgBSJ/ "
153,829709956186255361,2017-02-09 15:14:03,#Vitebsk #museum #art #textile #VSTU #design #tapestry #weaving #handmade https://www.instagram.com/p/BQS6RG2g5CK/ 
154,832179876320964608,2017-02-16 10:48:38,Ламповый Политех :3 #vstu #art #university #harrypotter #howlsmovingcastle #sweet https://www.instagram.com/p/BQkddMcj6GZ/ 
155,834878740039667712,2017-02-23 21:32:57,#InstaTags4Likes #print #designer #university #VSTU #Vitebsk #study #f4f #followme #l4l #artist… https://www.instagram.com/p/BQ3owfygGWo/ 
156,834879647498256385,2017-02-23 21:36:33,#InstaTags4Likes #print #designer #university #VSTU #Vitebsk #study #f4f #followme #l4l #artist… https://www.instagram.com/p/BQ3pK5ZAnzS/ 
157,834880540155203584,2017-02-23 21:40:06,#InstaTags4Likes #print #designer #university #VSTU #Vitebsk #study #f4f #followme #l4l #artist… https://www.instagram.com/p/BQ3pk6ZA6Y4/ 
158,834882902982811648,2017-02-23 21:49:30,#InstaTags4Likes #print #designer #university #VSTU #Vitebsk #study #f4f #followme #l4l #artist… https://www.instagram.com/p/BQ3qprvAunB/ 
159,834883185880281088,2017-02-23 21:50:37,#InstaTags4Likes #print #designer #university #VSTU #Vitebsk #study #f4f #followme #l4l #artist… https://www.instagram.com/p/BQ3qx-dAhr6/ 
160,834883780091457536,2017-02-23 21:52:59,#InstaTags4Likes #print #designer #university #VSTU #Vitebsk #study #f4f #followme #l4l #artist… https://www.instagram.com/p/BQ3rDPkA8Ai/ 
161,834884345185910786,2017-02-23 21:55:13,#InstaTags4Likes #print #designer #university #VSTU #Vitebsk #study #f4f #followme #l4l #artist… https://www.instagram.com/p/BQ3rTqoAxus/ 
162,841626217493151745,2017-03-14 12:25:01,День третий. Творчество в универе. #art #drawing #university #vstu #политех #girl #eyes #spring… https://www.instagram.com/p/BRnlJ-Lhlc7/ 
163,844845536947552256,2017-03-23 09:37:27,"Погода радует
#Vitebsk #VSTU #girl #girls #fun #smile #me #heart #cute #picoftheday #beautiful… https://www.instagram.com/p/BR-dIRDFSP6/ "
164,844961814043475968,2017-03-23 17:19:29,#Vitebsk #VSTU #girl #girls #fun #smile #me #heart #cute #picoftheday #beautiful #photooftheday… https://www.instagram.com/p/BR_SAnVhEUv/ 
165,857330825427341312,2017-04-26 20:29:31,#airdar #mint #spring #green #мята #vstu #vsco #design #весна #свежесть #зеленый #illustration… https://www.instagram.com/p/BTXKyGMDh9T/ 
166,863451176645341184,2017-05-13 17:49:37,"Когда ты в движении, то это круто
.
.
.
.
.
.
.
.
.
.
#волгоград #vlg #vstu #фтпп #ВолгГТУ… https://www.instagram.com/p/BUCp_5UAeAg/ "
167,864237609538793472,2017-05-15 21:54:37,#InstaTags4Likes #print #designer #university #VSTU #Vitebsk #study #f4f #followme #l4l #artist… https://www.instagram.com/p/BUIPoEVjUxV/ 
