,user,id,created_at,text
0,actionScript3,865618804319105024,2017-05-19 17:23:00,The #Shirelles - Will You Love Me Tomorrow http://youtu.be/c_cRHw8PAPA  #MusicVideo Музыка #Видео #Oldiespic.twitter.com/AR998RM4to
1,grDd7mWOAYLwGwl,865619022297141248,2017-05-19 17:23:51,Влог  #Софья и Петух! #Видео для детей #детский канал Веселая карусель https://youtu.be/A_Fhut3JavA  с помощью @YouTube
2,smi1info,865620578006380544,2017-05-19 17:30:02,https://smi1.info/15694-dw-novosti-za-100-sekund-02-02-2016.html … DW Новости за 100 секунд (02.02.2016) #news #новости #видео #smi1 #СМИ1pic.twitter.com/NzMlivJfcg
3,ntvru,865620618020106240,2017-05-19 17:30:12,Адвокат Ассанжа: «Мы добились поставленной цели. Ассанж счастлив и очень доволен» http://ntv.ru/novosti/1808659/ … #видео
4,Fedora73Danil,865620652270657537,2017-05-19 17:30:20,"Штирлиц сидит  у себя в кабинете и читает шифровку из Москвы.
    Вдруг в кабинет врывается... #Анекдот #Шутка #Юмор #Видео #Фото"
5,USEmbHell,865620892440825856,2017-05-19 17:31:17,"Россия между Ираном и Израилем и причём здесь Медведев?

#видео #политика #экономика #правительство #религияhttps://www.youtube.com/watch?v=NHfV2fcz06I …"
6,grDd7mWOAYLwGwl,865621706076938240,2017-05-19 17:34:31,влог Малышка  Софья и елка! #нарядили елку  #видео для детей  детский ка... https://youtu.be/CLwa1oUQGxA  с помощью @YouTube
7,Smex_vk,865621865758208000,2017-05-19 17:35:09,#видео #прикол #юмор #шутка  / #вступитьвгруппу #подписаться на Smex 16+ I юмор I приколы https://vk.cc/6F52n7 
8,Smex_vk,865621865783586817,2017-05-19 17:35:09,#видео #прикол #юмор #шутка  / #вступитьвгруппу #подписаться на Smex 16+ I юмор I приколы https://vk.cc/6F52n7 
9,extravalex,865622275747270656,2017-05-19 17:36:47,#демон овладел человеком прям на камеру в супермаркете (#видео) http://senseisekai.livejournal.com/4681234.html?utm_source=twsharing&utm_medium=social … #Малайзия #одержание #бесы #экзорцизм #ислам
10,actionScript3,865622327454838784,2017-05-19 17:37:00,#WhitneyHouston - I Will Always Love You  http://youtu.be/3JWTaaS7LdU  #MusicVideo #Музыка #Видео #Oldiespic.twitter.com/nTIMtsoqnd
11,extravalex,865622707743866881,2017-05-19 17:38:30,прием бесконтактного боя в #сумо - реальное #видео http://senseisekai.livejournal.com/4708596.html?utm_source=twsharing&utm_medium=social … #кошки #Япония #поединок #бесконтактныйбой #психология #цыгане
12,video360_club,865623227871002625,2017-05-19 17:40:34,"360° (VR) : ГРИБЫ Голосами Мультяшек
 #видео360 #панорамное #видео #VR #VRvideo #video360 #Oculushttps://www.youtube.com/watch?v=uTDUMxg2AkQ …"
13,extravalex,865623498378461185,2017-05-19 17:41:39,собака собаке рознь: собака-телохранитель (Израиль) http://senseisekai.livejournal.com/4709990.html?utm_source=twsharing&utm_medium=social … #видео #охрана #Израиль #защита #террор #собака #помощь
14,extravalex,865623602963533824,2017-05-19 17:42:04,Полет облок над вагон http://senseisekai.livejournal.com/4710150.html?utm_source=twsharing&utm_medium=social … #цитата #видео #слово #стёб #demie #русские #язык #юмор
15,ntvru,865623801777733632,2017-05-19 17:42:51,На постсоветском пространстве Белоруссия стала локомотивом развития пионерского движения http://ntv.ru/novosti/1808641/ … #видео
16,actionScript3,865624089028739073,2017-05-19 17:43:59,The #Beatles - Rooftop Performance https://vimeo.com/95681569  #MusicVideo #Музыка #Видео #Oldiespic.twitter.com/KASfLKLGBn
17,USEmbHell,865624443539734528,2017-05-19 17:45:24,"Может ли телевизор заменить мозг? + English Subtitles

#видео #политика #экономика #правительство #религия #россияhttps://www.youtube.com/watch?v=9cV96924SQQ …"
18,RIANUkraine,865624671529521152,2017-05-19 17:46:18,"Появилось видео, где Эрдоган наблюдает за избиением демонстрантов в США http://dlvr.it/PBR44Q  #Видео pic.twitter.com/4RJ4j8iWLv"
19,grDd7mWOAYLwGwl,865625225701896194,2017-05-19 17:48:31,#Дети танцуют  #Парные танцы #видео для детей #детский канал Веселая кар... https://youtu.be/UtJdkTSOsyY  с помощью @YouTube
20,actionScript3,865625598030266368,2017-05-19 17:49:59,#NYJETS THEME SONG - RIP @BillZucker Band http://youtu.be/KW666UxkIkw  #MusicVideo #Музыка #Видео #TeamZucker
21,actionScript3,865625851068432384,2017-05-19 17:51:00,#BillyPreston - Nothing From Nothing https://youtu.be/ubIt94oLaBI  #MusicVideo #Музыка #Видео #Oldies #Soulpic.twitter.com/P55aUdiBIp
22,grDd7mWOAYLwGwl,865626025035669504,2017-05-19 17:51:41,Влог  #Софья и Петух! #Видео для детей #детский канал Веселая карусель https://youtu.be/A_Fhut3JavA  с помощью @YouTube
23,ntvru,865627215861395457,2017-05-19 17:56:25,Мощи Николая Чудотворца впервые привезут в Россию. Поклониться им можно будет в Москве и Санкт-Петербурге http://ntv.ru/novosti/1808660/ … #видео
24,actionScript3,865627612269264897,2017-05-19 17:58:00,Sinéad O'Connor - Nothing Compares 2U http://youtu.be/C6MNvjrScyo  #MusicVideo #Музыка #Видео #Oldiespic.twitter.com/EGPdAZNYL9
25,USEmbHell,865628553609568256,2017-05-19 18:01:44,"Действия спецназа ВВО при выполнении задач по ликвидации условного НВФ

#видео #политика #экономика #правительствоhttps://www.youtube.com/watch?v=qnI_DPeMMWw …"
26,actionScript3,865629374187421698,2017-05-19 18:05:00,#Beatles- Hello Goodbye  https://youtu.be/rblYSKz_VnI  #MusicVideo #Музыка #Видео #Oldiespic.twitter.com/5qWeJFdBHN
27,ofvideoup,865629399441219584,2017-05-19 18:05:06,"Касается каждого. Чужой грех 19.05.2017
http://ofvideoup.com/news/kasaetsja_kazhdogo_chuzhoj_grekh_19_05_2017/2017-05-19-3323 …
9-месячную Свету бросили умирать на железнодорожных рель...
#видео #смотреть"
28,Art_Erotica_HD,865629856242978816,2017-05-19 18:06:55,Смотреть Эротические Фильмы Кино Сериалы Онлайн 720p 1080p HD FullHD  / #Эротика #Видео #Пошлое #Кино #Фильм #Сек..https://vk.cc/6F5uUy 
29,ololo_tv,865630272263299072,2017-05-19 18:08:34,Инструмент для создания звуковых эффектов в фильмах ужасов. #видео #видео #музыка #фильм - https://ololo.tv/2017/05/instrument-dlya-sozdaniya-zvukovyx-effektov-v-filmax-uzhasov-video/ …pic.twitter.com/sOv6dwrAeE
30,ofvideoup,865630688233504769,2017-05-19 18:10:13,"60 минут 19.05.2017
http://ofvideoup.com/news/60_minut_19_05_2017/2017-05-19-3324 …
Перед тем, как сесть за руль, он курил марихуану, на видео видно,...
#видео #смотреть"
31,15_igr,865630924720840704,2017-05-19 18:11:09,#Left 4 Dead 2 — ДРОБОВИК ПРОТИВ ЗОМБИ! #Androidигры #PC #ВИДЕО #игры #ИгрынаАндроид #Онлайнфлешигры http://15-igr.ru/2017/05/download-and-video-games/left-4-dead-2-drobovik-protiv-zombi.html …pic.twitter.com/XwnsWulvJ4
32,actionScript3,865631135581196289,2017-05-19 18:12:00,#BillyPreston - Outta Space https://youtu.be/fHfw4bNYZqY  #MusicVideo #Музыка #Видео #Oldies #Soulpic.twitter.com/nH6DBquuUM
33,bulgarica,865631173938094080,2017-05-19 18:12:09,#Омбудстман #МаяМанолова зад #българитевчужбина и правото им на #гласуване (#видео - #ексклузивно инт http://www.bulgarica.com/2016/05/19/%d0%bd%d0%be%d0%b2%d0%b8%d0%bd%d0%b8/%d0%be%d0%bc%d0%b1%d1%83%d0%b4%d1%81%d1%82%d0%bc%d0%b0%d0%bd-%d0%bc%d0%b0%d1%8f-%d0%bc%d0%b0%d0%bd%d0%be%d0%bb%d0%be%d0%b2%d0%b0-%d0%b7%d0%b0%d0%b4-%d0%b1%d1%8a%d0%bb%d0%b3%d0%b0%d1%80%d0%b8%d1%82/ … via @bulgarica
34,vvoron,865631184130260994,2017-05-19 18:12:11,Опробоали #коптер для съемок с воздуха. Прикольное #фото получилось #съемка #видео #Музыкаpic.twitter.com/FgB5M5hUVp
35,ntvru,865631494080876545,2017-05-19 18:13:25,#Видео операции на открытом сердце ребенку показали в Интернете в прямом эфире http://ntv.ru/novosti/1808642/ …
36,polupianoff,865631948701548544,2017-05-19 18:15:13,"В ЛНР задержана украинская ДРГ http://colonelcassad.livejournal.com/3427657.html?utm_source=twsharing&utm_medium=social … #видео
#Украина #МГБЛНР #войнанаУкраине #Новороссия #ЛНР #терроризм"
37,USEmbHell,865632011150426117,2017-05-19 18:15:28,"Все хотят на Евровидение + English Subtitles

#видео #политика #экономика #правительство #религия #россияhttps://www.youtube.com/watch?v=fKR_WzdYdZQ …"
38,koles2010,865632591088504832,2017-05-19 18:17:47,Мощи Николая Чудотворца впервые привезут в Россию. Поклониться им можно будет в Москве и Санкт-Петербурге http://ntv.ru/novosti/1808660/ … #видео
39,actionScript3,865632897306316800,2017-05-19 18:19:00,#MoodyBlues Im Just A Singer In A Rock & Roll Band https://youtu.be/N_J-hmyAS6c  #MusicVideo #Музыка #Видео #Oldiespic.twitter.com/7XETdLSuw7
40,actionScript3,865633147416829954,2017-05-19 18:19:59,-- Piece of Peace (Official Music Video) @MarlaMase & The @TomasDoncker Band https://youtu.be/nF8JxjTXizc  #MusicVideo #Музыка #Видео
41,actionScript3,865634658972704768,2017-05-19 18:26:00,#Badfinger - No Matter What http://youtu.be/Xoke1wUwEXY  #MusicVideo #Музыка #Видео #Oldiespic.twitter.com/xNIjb0UOtn
42,golos_derevni,865635600652578816,2017-05-19 18:29:44,#Киров #news #Вятка Реакцию на самый отвратительный фрукт показали на #видео
43,USEmbHell,865635907637960704,2017-05-19 18:30:57,"Eurovision Welcome to Kiev

#видео #политика #экономика #правительство #религия #россияhttps://www.youtube.com/watch?v=zI0IPBdTF6Y …"
44,RIANUkraine,865635980040065024,2017-05-19 18:31:15,"Кому выгодны ""церковные"" законы. Комментарий Рудякова http://dlvr.it/PBRwdn  #Видео pic.twitter.com/bXV0ufeEdz"
45,actionScript3,865636420723003394,2017-05-19 18:33:00,#BillyPreston - Will It Go Round In Circles https://youtu.be/I_e-RQZVwxg  #MusicVideo #Музыка #Видео #Oldies #Soulpic.twitter.com/KsiIfqxlCh
46,actionScript3,865638181965774849,2017-05-19 18:40:00,The #Beatles - All You Need Is Love http://youtu.be/s-pFAFsTFTI  #MusicVideo #Музыка #Видео #Oldiespic.twitter.com/r4kD8Gakb5
47,Crimea1313,865638746812592128,2017-05-19 18:42:14,"страшное #видео. НО, знаете что?мне НАСРАТЬ теракт это или нет.мне НАСРАТЬ, что происходит в #США. Не радуюсь, но и не горюю.Их нет для меня https://twitter.com/EugeneDX14/status/865470871925792769 …"
48,USEmbHell,865639528811249665,2017-05-19 18:45:21,"Порошенко увольняет главу ПАСЕ (Руслан Осташко)

#видео #политика #экономика #правительство #религия #россияhttps://www.youtube.com/watch?v=Yq9E8SmYC5M …"
49,actionScript3,865639943837671425,2017-05-19 18:47:00,#Badfinger - Day After Day  http://youtu.be/XonFZjuyc6E  #MusicVideo #Музыка #Видео #Oldiespic.twitter.com/WsmmDUO7Ed
50,5tv,865640285052612608,2017-05-19 18:48:21,"Первое #видео с места обрушения дома в #Сочи
http://www.5-tv.ru/news/128894/ pic.twitter.com/hFJd8YVlrz"
51,actionScript3,865641706431012870,2017-05-19 18:54:00,#BillyPreston That's The Way God Planned It https://youtu.be/M62hsj7izbI  #MusicVideo #Музыка #Видео #Oldies #Soulpic.twitter.com/pJ4pUrwk66
52,wolodjainbox,865642206320705536,2017-05-19 18:55:59,"#алкоголь #факты #Нилов #видео #best #new
https://youtu.be/MCWzRGmtbqM "
53,wolodjainbox,865642959533780993,2017-05-19 18:58:59,"#аудиокнига #Высоцкий #видео #best #new
https://youtu.be/43aac3ItpoI "
54,TwilightRussia,865643230628413441,2017-05-19 19:00:03,Дженнифер Лоуренс говорит о феминизме в новом видео Dior #дженнифер_лоуренс #видео #феминизм https://twilightrussia.ru/news/dzhennifer_lourens_govorit_o_feminizme_v_novom_video_dior/2017-05-19-48141 …
55,saloon_dc,865643289491324928,2017-05-19 19:00:17,#spanking #strap #tawse #turn #video #видео #порка #тоуз #ремень #очередь https://vk.cc/6F6b0Q 
56,actionScript3,865643466750959616,2017-05-19 19:01:00,The #Beatles Penny Lane http://youtu.be/62s-Jier2yI  #MusicVideo #Музыка #Видео #Oldiespic.twitter.com/HgFQOCBW7K
57,USEmbHell,865643646036590593,2017-05-19 19:01:42,"Вячеслав Ковтун: Танки, как и Боинги, последние 40 лет особо не меняются (Закулисье/Руслан Ост...

#видео #политикаhttps://www.youtube.com/watch?v=pD-FOuWnqjY …"
58,grDd7mWOAYLwGwl,865644387895697408,2017-05-19 19:04:39,#Приколы про животных #смешные кошки завтрак котов #видео для детей детс... https://youtu.be/rA-4L7ZIugU  с помощью @YouTube
59,actionScript3,865645229096882178,2017-05-19 19:08:00,#AmboyDukes Journey to the Center of the Mind http://youtu.be/UN2VNFpiGWo  #MusicVideo #Музыка #Видео #Oldiespic.twitter.com/1YqcAOGsne
60,TwilightRussia,865645746359377920,2017-05-19 19:10:03,Два новых промо-ролика экшена «Планета обезьян: Война» #вуди_харрельсон #экшен #видео https://twilightrussia.ru/news/dva_novykh_promo_rolika_ehkshena_planeta_obezjan_vojna/2017-05-19-48147 …
61,Art_Erotica_HD,865645857693065216,2017-05-19 19:10:30,Смотреть Эротические Фильмы Кино Сериалы Онлайн 720p 1080p HD FullHD  / #Эротика #Видео #Пошлое #Кино #Фильм #Сек..https://vk.cc/6F6lqB 
62,dreamcatmaster,865646969821159439,2017-05-19 19:14:55,В ЛНР задержана украинская ДРГ http://colonelcassad.livejournal.com/3427657.html?utm_source=twsharing&utm_medium=social … #видео #Украина #МГБЛНР #войнанаУкраине #Новороссия #ЛНР #терроризм #Пасечник #ГУРМОУ
63,actionScript3,865646990180274176,2017-05-19 19:15:00,#Beatles - Happiness is a Warm Gun https://vimeo.com/32313020  #MusicVideo #Музыка #Видео #Oldiespic.twitter.com/ywRLnZvns2
64,USEmbHell,865647127367634945,2017-05-19 19:15:32,"В чуши Навального не нашли доказательств коррупции (Руслан Осташко)

#видео #политика #экономика #правительствоhttps://www.youtube.com/watch?v=K-ml_pS3ZH8 …"
65,AlekseyV1983,865647224683847680,2017-05-19 19:15:55,"#поиск #пропал #помогитенайти #репост #регистратор #камер #фото #видео #россия #спб
https://vk.com/wall773768_800 
https://vk.com/club121435340 "
66,actionScript3,865648246563020801,2017-05-19 19:19:59,HYPNOTIZED..the RIP @BillZucker Band  GOLD!!!! http://youtu.be/ci36Bb_fyP4  #MusicVideo #Музыка #Видео #TeamZucker
67,actionScript3,865648751599276032,2017-05-19 19:22:00,#Dragostea - Din Tei ( Numa Numa ) http://youtu.be/w9xqn9iINM4  #MusicVideo #Музыка #Видео #Oldiespic.twitter.com/cWN4E727F3
68,actionScript3,865650513110417408,2017-05-19 19:28:59,#DavidBowie lost '73 Top of the Pops The Jean Genie http://youtu.be/yEmGQYCuc6M  #MusicVideo #Музыка #Видео #Oldiespic.twitter.com/cXCkSkr1nP
69,USEmbHell,865650898424299522,2017-05-19 19:30:31,"""Звезда на ""Звезде"" с Александром Стриженовым. Анна Большова

#видео #политика #экономика #правительство #религияhttps://www.youtube.com/watch?v=ri2O2zTuRbM …"
70,dreamcatmaster,865651140871864321,2017-05-19 19:31:29,Военный парад в Москве в формате 360 градусов. http://colonelcassad.livejournal.com/3426809.html?utm_source=twsharing&utm_medium=social … #видео #технологии #Москва #армия
71,Fedora73Danil,865651310451867649,2017-05-19 19:32:10,"Мюллер гнал  машину  по шоссе со скоростью сто километров в
    час. А рядом бежал Штирлиц... #Анекдот #Шутка #Юмор #Видео #Фото"
72,actionScript3,865652274655186945,2017-05-19 19:35:59,#TRAFFIC Dear Mr. Fantasy LIVE 1972 #SteveWinwood http://youtu.be/xT4-iBuDw0Q  #MusicVideo #Музыка #Видео #Oldiespic.twitter.com/7zjpZFCJ2t
73,USEmbHell,865654634743865349,2017-05-19 19:45:22,"Поддержи. Надень носки

#видео #политика #экономика #правительство #религия #россияhttps://www.youtube.com/watch?v=ksE4aBz2RfE …"
74,actionScript3,865655797736460289,2017-05-19 19:49:59,#GeorgeHarrison Bangladesh http://youtu.be/VPRwzB_1YEk  #MusicVideo #Музыка #Видео #Oldiespic.twitter.com/f0XjWeooIE
75,smi1info,865655812256964608,2017-05-19 19:50:03,https://smi1.info/14676-pogoda-prevratila-stolichnye-dorogi-v-katok.html … Погода превратила столичные дороги в каток #news #новости #видео #smi1 #СМИ1pic.twitter.com/VqRFEF9y81
76,PhotoVideoBy,865655815251808256,2017-05-19 19:50:04,"Новое #видео #видеограф Сергей Чеча #Минск (выезд: Прага, Львов), событие, репортаж, экспресс-монтаж, sde Подробнее: https://photo-video.by/video/view/14340 …pic.twitter.com/kXMzUrvI6H"
77,actionScript3,865657559365156864,2017-05-19 19:56:59,Rehearsing Rachmaninoff Concerto #3 @ValLisitsa https://youtu.be/1TOThTUBRCI  #MusicVideo #Музыка #Видео #Classicalpic.twitter.com/677tweTcjI
78,USEmbHell,865658559157096448,2017-05-19 20:00:58,"Нужны ли Россия и США друг другу. Железная логика 30.01.17 ч7

#видео #политика #экономика #правительство #религияhttps://www.youtube.com/watch?v=2rW5h9K0AOY …"
79,Vatnik1967,865659224734527488,2017-05-19 20:03:37,В ЛНР задержана украинская ДРГ http://colonelcassad.livejournal.com/3427657.html?utm_source=twsharing&utm_medium=social … #видео #МГБЛНР #войнанаУкраине #ГУРМОУ #Украина #терроризм #Пасечник #Новороссия
80,actionScript3,865659321060737024,2017-05-19 20:03:59,#SmallFaces - Itchycoo Park http://youtu.be/4E_OOEkey0Q  #MusicVideo #Музыка #Видео #Oldiespic.twitter.com/c44aU2lvyx
81,TimkrTimkrov,865659349305143296,2017-05-19 20:04:06,"Повоняют и успокоятся (С), Зорян и Шкиряк http://peremogi.livejournal.com/28920043.html?utm_source=twsharing&utm_medium=social … #насралося #страна404 #видео"
82,pemexOber,865660511727177729,2017-05-19 20:08:43,#видео Город тусклых огней http://dlvr.it/PBTbTb  #фильмыpic.twitter.com/ENEgEuAM2Y
83,pemexOber,865660522078756866,2017-05-19 20:08:46,#видео Балканский рубеж http://dlvr.it/PBTbb5  #фильмыpic.twitter.com/QxQ8zUF69i
84,Art_Erotica_HD,865660930071420928,2017-05-19 20:10:23,Смотреть Эротические Фильмы Кино Сериалы Онлайн 720p 1080p HD FullHD  / #Эротика #Видео #Пошлое #Кино #Фильм #Сек..https://vk.cc/6F71Z6 
85,actionScript3,865661082475655168,2017-05-19 20:10:59,#GeorgeHarrison - When We Was Fab https://www.youtube.com/watch?v=AVu6nPTVbBQ … #MusicVideo #Музыка #Видео #Oldiespic.twitter.com/HGQQHqpwN2
86,TimkrTimkrov,865662154011271168,2017-05-19 20:15:15,Мой медведь http://peremogi.livejournal.com/28923304.html?utm_source=twsharing&utm_medium=social … #видео #крутитьнаждак
87,USEmbHell,865662190996422657,2017-05-19 20:15:24,"Вернет ли Навальный деньги тем, кто верил в его президентство? (РАКЕТА.News)

#видео #политика #экономикаhttps://www.youtube.com/watch?v=DvrtpFMlb9g …"
88,actionScript3,865662844335009792,2017-05-19 20:17:59,#TommyJames & #THESHONDELLS - CRIMSON AND CLOVER http://youtu.be/7tkXtMnSi64  #MusicVideo #Музыка #Видео #Oldiespic.twitter.com/EccvMYw5vZ
89,actionScript3,865663345961168896,2017-05-19 20:19:59,DANCE THE TANGO from @marlamase SPEAK DELUXE ALBUM https://youtu.be/BRhUfLiW3fY  #MusicVideo #Музыка #Видео
90,dimon197827,865664328384487424,2017-05-19 20:23:53,Куда идут десятки миллионов?! Как известная секта одурманивает украинцев. http://peremogi.livejournal.com/28920905.html?utm_source=twsharing&utm_medium=social … #видео #насралося #страна404
91,Fedora73Danil,865664379533967360,2017-05-19 20:24:06,"Штирлиц шел по городу. Вдруг на него упал кирпич.
    - Вот тебе раз! - подумал Штирлиц.
    -... #Анекдот #Шутка #Юмор #Видео #Фото"
92,actionScript3,865664605678448641,2017-05-19 20:24:59,#GeorgeHarrison - Crackerbox Palace http://youtu.be/IOvnG-WTDXw  #MusicVideo #Музыка #Видео #Oldiespic.twitter.com/2Wqw4K327k
93,USEmbHell,865665969775136768,2017-05-19 20:30:25,"Второй этап тактического российско-сербско-белорусского учения «Славянское братство–2016»

#видео #политикаhttps://www.youtube.com/watch?v=DMSfNkq9Pgc …"
94,actionScript3,865666367294513156,2017-05-19 20:31:59,#TommyRoe - Dizzy http://youtu.be/kCDPlU6ioZU  #MusicVideo #Музыка #Видео #Oldiespic.twitter.com/Jljxd8MJm2
95,actionScript3,865668128893743104,2017-05-19 20:38:59,#Santana - Soul Sacrifice 1969 #Woodstock http://youtu.be/AqZceAQSJvc  #MusicVideo #Музыка #Видео #Oldiespic.twitter.com/LTUsHBSrCC
96,postlive_net,865668404937723904,2017-05-19 20:40:05,Эвакуатор своими сила #видео #интересное #postlive_net #изинтернета #посты #статьяhttps://postlive.net/lenta/evakuator-svoimi-sila.99051/ …
97,USEmbHell,865669723995987968,2017-05-19 20:45:20,"Михеев. Почему Россия не прекращает торговлю с Украиной. Интервью 09.03.17 ч6

#видео #политика #экономикаhttps://www.youtube.com/watch?v=SD-TdurhSwA …"
98,actionScript3,865669890522394625,2017-05-19 20:45:59,#IronButterfly - In-A-Gadda-Da-Vida http://youtu.be/9sXvop_lggA  #MusicVideo #Музыка #Видео #Oldiespic.twitter.com/BXaRLVZLGL
99,5tv,865670779672952833,2017-05-19 20:49:31,Первое видео с места мощного пожара на окраине Петергофа http://www.5-tv.ru/news/128905/  #Видео #Петергоф #пожарpic.twitter.com/jfXk3F0WB6
100,actionScript3,865671652016877569,2017-05-19 20:52:59,#BuddyHolly - Everyday http://youtu.be/ty31QY5ZGHo  #MusicVideo #Музыка #Видео #Oldiespic.twitter.com/TcIVen4amW
101,Stolyarchuk92,865672448565420033,2017-05-19 20:56:09,#Видео #Узбекистан Жители засняли НЛО в небе над Ташкентомpic.twitter.com/YA0BwhHsf9
102,m_mullina,865672784130617344,2017-05-19 20:57:29,"Взрыв в Сочи 19 мая 2017: видео, причины, подробности
#новости #происшествия #Сочи #взрыв #видео
https://chto-proishodit.ru/articles/2017/05/19/133740076029.html …pic.twitter.com/sGRDQSxgAy"
103,actionScript3,865673413712646145,2017-05-19 20:59:59,#DeepPurple - Child in Time http://youtu.be/1slq_FwRN8o  #MusicVideo #Музыка #Видео #Oldiespic.twitter.com/JGSoWjpIzI
104,rankstr_RU,865673453801791488,2017-05-19 21:00:09,"Все материалы - Московский Комсомолец: Мария Максакова, похудевшая на 12 килограммов, п... #Видео #Общество http://rankstr.com/item/13474386/tw …pic.twitter.com/02lBQh8obB"
105,actionScript3,865673713722695680,2017-05-19 21:01:11,#DogandBeth on the Hunt TV Theme Song by RIP @BillZucker http://youtu.be/hHhRjxbjwiI  #MusicVideo #Музыка #Видео #TeamZucker
106,USEmbHell,865674037707538432,2017-05-19 21:02:28,"Надя приехала. Странная история + English Subtitles

#видео #политика #экономика #правительство #религия #россияhttps://www.youtube.com/watch?v=GKj9Yk8ynZQ …"
107,actionScript3,865674395821277185,2017-05-19 21:03:54,... Piece of Peace (Official Music Video) @MarlaMase & The @TomasDoncker Band https://youtu.be/nF8JxjTXizc  #MusicVideo #Музыка #Видео
108,actionScript3,865674844590850048,2017-05-19 21:05:41,http://youtu.be/BIFlPz8BpDk  #MusicVideo #Музыка #Видео RIP @BillZucker @shannonleetweed @genesimmons #TeamZuckerpic.twitter.com/oa3mQsJIcX
109,15_igr,865675932715147264,2017-05-19 21:10:00,#Dead by Daylight - ПЕРВЫЙ ПРЕСТИЖ ДОКТОРА! #Androidигры #ВИДЕО #игры #ИгрынаАндроид #Онлайнфлешигры http://15-igr.ru/2017/05/download-and-video-games/dead-by-daylight-pervyi-prestij-doktora.html …pic.twitter.com/4ovYZS4uC6
110,briliant40,865676018417356801,2017-05-19 21:10:20,Музыка Евреи веселятся Видео #видео http://newrezume.org/news/2017-05-20-21155 …
111,actionScript3,865676605984825345,2017-05-19 21:12:41,#EverlyBrothers All I Have To Do Is Dream http://youtu.be/YAE7j4ZuD7Q  #MusicVideo #Музыка #Видео #Oldiespic.twitter.com/AjfIy52ofK
112,AlekseyV1983,865677002522726400,2017-05-19 21:14:15,"#поиск #пропал #помогитенайти #репост #регистратор #камер #фото #видео #россия #спб
https://vk.com/wall773768_800 
https://vk.com/club121435340 pic.twitter.com/5U84Mm7bqO"
113,USEmbHell,865677294714720256,2017-05-19 21:15:25,"Сергей Михеев. Железная логика. Полный эфир 03.04.17

#видео #политика #экономика #правительство #религия #россияhttps://www.youtube.com/watch?v=l8hO7c06mDk …"
114,golos_derevni,865678310507921413,2017-05-19 21:19:27,#Киров #news #Вятка Жители засняли НЛО в небе над Ташкентом #видео #узбекистан
115,actionScript3,865678367546155008,2017-05-19 21:19:41,#Europe The Final Countdown http://youtu.be/9jK-NcRmVcw  #MusicVideo #Музыка #Видео #Oldiespic.twitter.com/zCmVtVlErA
116,smi1info,865678461691543552,2017-05-19 21:20:03,https://smi1.info/14550-quot-itogi-dnya-quot-11-maya-2017-goda.html … &quot;Итоги дня&quot;. 11 мая 2017 года #news #новости #видео #smi1 #СМИ1pic.twitter.com/C5l0wqVbzu
117,novosteycom,865678951083126784,2017-05-19 21:22:00,В #Kievсовете произошла потасовка между активистами и охраной #видео http://novostey.com/politic/news795633.html … #ua
118,Laspbru,865679874207428608,2017-05-19 21:25:40,Мой медведь http://peremogi.livejournal.com/28923304.html?utm_source=twsharing&utm_medium=social … #видео #крутитьнаждак
119,TimkrTimkrov,865680632118214657,2017-05-19 21:28:40,граждане США в Крыму http://peremogi.livejournal.com/28926288.html?utm_source=twsharing&utm_medium=social … #видео #зрада #весьмирснами
120,USEmbHell,865681110553960448,2017-05-19 21:30:34,"Брифинг НГОУ ГШ ВС РФ генерал-полковника С.Ф. Рудского (28.03.2017)

#видео #политика #экономика #правительствоhttps://www.youtube.com/watch?v=3b_c5SPZfbw …"
121,zvezdanews,865681143756140544,2017-05-19 21:30:42,"Опубликованы первые кадры крупного пожара в Петергофе (СМОТРЕТЬ): http://tvzvezda.ru/news/vstrane_i_mire/content/201705200017-1ffp.htm …
#Петергоф #пожар #fire #Peterhof #видео pic.twitter.com/Vh08YNGlGl"
122,Fedora73Danil,865684246807146496,2017-05-19 21:43:02,"В кабинет  Мюллера  вошел человек в буденовке, кирзовых сапогах,
    с парашютом и... #Анекдот #Шутка #Юмор #Видео #Фото"
123,USEmbHell,865684847033016320,2017-05-19 21:45:25,"Булькающее розово-голубое интернет сообщество против Трампа. Железная логика 30.01.17 ч5

#видео #политикаhttps://www.youtube.com/watch?v=pAZZeDJnIDQ …"
124,video360_club,865688699098583041,2017-05-19 22:00:44,"360 ° (VR) NEWS : Microsoft HoloLens начнут использовать стюардессы!
 https://goo.gl/c9WZDs 
#видео360 #панорамное #видео #VR #VRvideopic.twitter.com/J9r1vYBziA"
125,USEmbHell,865688742220247040,2017-05-19 22:00:54,"""Прогнозы с Вероникой Крашенинниковой"". Выпуск 16.04.2017 г.

#видео #политика #экономика #правительство #религияhttps://www.youtube.com/watch?v=VAeRBIaFQnU …"
126,legendwpdota,865690129805004801,2017-05-19 22:06:25,#видео@legendwp #dota2 #TI7https://vk.cc/6F7Ric 
127,smi1info,865691042833682432,2017-05-19 22:10:03,https://smi1.info/15834-renovaciya-chto-garantiruyut-zhitelyam.html … Реновация: что гарантируют жителям #news #новости #видео #smi1 #СМИ1pic.twitter.com/daMo2FFvCC
128,USEmbHell,865692388400005120,2017-05-19 22:15:23,"С. Михеев. Кому выгоден конфликт Минска и Москвы. Железная логика 03.02.17 ч1

#видео #политика #экономикаhttps://www.youtube.com/watch?v=UsRlzGxZgRM …"
129,USEmbHell,865696184828080128,2017-05-19 22:30:28,"В Бурятии расчеты зенитно-ракетных дивизионов отразили атаку крылатых ракет

#видео #политика #экономикаhttps://www.youtube.com/watch?v=NGqVdJ1CKMs …"
130,5tv,865696996950249478,2017-05-19 22:33:42,"Очевидец снял на камеру как полиция задерживает подростков, пытающихся продать украденный смартфон #Видео на сайте http://www.5-tv.ru/news/128916/ "
131,vahmurka8,865699545837170688,2017-05-19 22:43:50,Молодой http://hrono61.livejournal.com/2616452.html?utm_source=twsharing&utm_medium=social … #видео #животные #медведь
132,USEmbHell,865699933176950785,2017-05-19 22:45:22,"Из Севастополя, с любовью

#видео #политика #экономика #правительство #религия #россияhttps://www.youtube.com/watch?v=nLNTG_mUQuU …"
133,malasha11,865699979976994816,2017-05-19 22:45:33,Убийство в стиле Немцова в Украине поставлено на поток http://matveychev-oleg.livejournal.com/5451447.html?utm_source=twsharing&utm_medium=social … #видео #Украина #криминал #общество
134,Fedora73Danil,865700854065745920,2017-05-19 22:49:02,"Мюллер заходит в кабинет к Штирлицу и застает его в  дурном
    расположении духа.
    - Что... #Анекдот #Шутка #Юмор #Видео #Фото"
135,USEmbHell,865703714014867456,2017-05-19 23:00:24,"Радиотехнические войска отмечают свое 65-летие

#видео #политика #экономика #правительство #религия #россияhttps://www.youtube.com/watch?v=89vKRgjWHgw …"
136,olegivanov196,865705777004204034,2017-05-19 23:08:35,Евгений Колесов про Китай http://olegivanov1966.livejournal.com/3892554.html?utm_source=twsharing&utm_medium=social … #жизнь #общество #личныйопыт #видео #Китай #вмире #экономика #точказрения #история
137,smi1info,865706144798572544,2017-05-19 23:10:03,https://smi1.info/16164-naezd-na-lyudey-na-tayms-skver-voditel-quot-slyshal-golosa-quot.html … Наезд на людей на Таймс-сквер: водитель &quot;слышал голоса&quot; #news #новости #видео #smi1 #СМИ1pic.twitter.com/HAmSolpKDX
138,cindy_aerobika,865707437139034113,2017-05-19 23:15:11,#видео@goldaerobika  /  / Как сделать переднюю затяжку. https://vk.cc/6F85L4 
139,USEmbHell,865707542940446721,2017-05-19 23:15:36,"Какой гешефт Израилю от ИГИЛ? (Роман Романов)

#видео #политика #экономика #правительство #религия #россияhttps://www.youtube.com/watch?v=JYx2sTywuVg …"
140,USEmbHell,865711288776876033,2017-05-19 23:30:30,"Дорожный патруль

#видео #политика #экономика #правительство #религия #россияhttps://www.youtube.com/watch?v=sGV89Kz-SJk …"
141,AlekseyV1983,865714016005619712,2017-05-19 23:41:20,"#поиск #пропал #помогитенайти #репост #регистратор #камер #фото #видео #россия #спб
https://vk.com/wall773768_800 
https://vk.com/club121435340 pic.twitter.com/1QcJmof6J4"
142,USEmbHell,865715013230759936,2017-05-19 23:45:18,"""Звезда на ""Звезде"" с Леонидом Якубовичем. Леонид Ивашов

#видео #политика #экономика #правительство #религияhttps://www.youtube.com/watch?v=VEgd_GSj9zM …"
143,t30p_instagram,865716255591772162,2017-05-19 23:50:14,Фан клуб – Анастасии Созоник: . . . . . . . . . . . . . . . . . . #nastyasozonik #видео #mamasozonik #сибирь… http://dlvr.it/PBXr2g pic.twitter.com/AmvdScnurS
144,Fedora73Danil,865716454729109505,2017-05-19 23:51:01,"Во время войны Штирлиц украдкой кормил берлинских детей. От
    украдки дети пухли и дохли. #Анекдот #Шутка #Юмор #Видео #Фото"
